ID,Size,Predicted,Actual
0,8828,0.887,Yes
1,10993,0.891,Yes
2,18422,0.853,Yes
3,5520,0.876,Yes
4,14266,0.9,Yes
5,414,0.69,Yes
6,4570,0.835,Yes
7,616,0.146,No
8,561,0.142,No
9,242,0.108,No
10,484,0.129,No
11,1221,0.131,No
12,781,0.128,No
13,2156,0.124,No
14,429,0.122,No
15,1342,0.129,No
16,418,0.138,No
17,242,0.163,No
18,484,0.125,No
19,4048,0.119,No
20,242,0.072,No
21,3135,0.125,No
22,231,0.165,No
23,242,0.127,No
24,1872,0.153,No
25,605,0.148,No
26,231,0.124,No
27,3168,0.109,No
28,517,0.144,No
29,594,0.147,No
30,1155,0.075,No
31,5313,0.149,No
32,385,0.108,No
33,1562,0.092,No
34,1045,0.135,No
35,1804,0.156,No
36,770,0.18,No
37,242,0.133,No
38,234,0.07,No
39,189,0.155,No
40,594,0.174,No
41,1276,0.113,No
42,4257,0.119,No
43,2101,0.117,No
44,671,0.093,No
45,2816,0.132,No
46,560,0.099,No
47,1390,0.139,No
48,1595,0.15,No
49,1139,0.116,No
50,390,0.147,No
51,520,0.135,No
52,340,0.158,No
53,420,0.12,No
54,612,0.103,No
55,300,0.179,No
56,710,0.113,No
57,570,0.112,No
58,310,0.158,No
59,340,0.124,No
60,1522,0.179,No
61,520,0.14,No
62,1788,0.114,No
63,340,0.122,No
64,1717,0.155,No
65,1581,0.12,No
66,520,0.102,No
67,1941,0.151,No
68,340,0.109,No
69,1717,0.139,No
70,751,0.785,Yes
71,4406,0.817,Yes
72,1100,0.16,No
73,1800,0.132,No
74,3634,0.85,Yes
75,3833,0.871,Yes
76,360,0.766,Yes
77,71,0.088,No
78,4592,0.833,Yes
79,63745,0.838,Yes
80,1800,0.861,Yes
81,7257,0.905,Yes
82,91069,0.888,Yes
83,968,0.107,No
84,2190,0.843,Yes
85,8136,0.859,Yes
86,2268,0.868,Yes
87,4103,0.841,Yes
88,1360,0.836,Yes
89,3320,0.868,Yes
90,2707,0.887,Yes
91,2423,0.871,Yes
92,20119,0.899,Yes
93,3388,0.829,Yes
94,5186,0.844,Yes
95,1411,0.885,Yes
96,123,0.075,No
97,4040,0.866,Yes
98,46233,0.871,Yes
99,17966,0.856,Yes
100,1600,0.853,Yes
101,18239,0.887,Yes
102,15293,0.85,Yes
103,2006,0.857,Yes
104,23111,0.845,Yes
105,1280,0.845,Yes
106,2823,0.835,Yes
107,23647,0.821,Yes
108,26654,0.87,Yes
109,17805,0.912,Yes
110,39650,0.827,Yes
111,10936,0.841,Yes
112,1240,0.848,Yes
113,643,0.796,Yes
114,2198,0.834,Yes
115,7994,0.894,Yes
116,2927,0.9,Yes
117,4891,0.869,Yes
118,2100,0.869,Yes
119,16859,0.837,Yes
120,3990,0.136,No
121,9579,0.892,Yes
122,6249,0.843,Yes
123,1451,0.878,Yes
124,4270,0.887,Yes
125,3354,0.865,Yes
126,2694,0.846,Yes
127,2354,0.84,Yes
128,1641,0.843,Yes
129,9123,0.84,Yes
130,666,0.146,No
131,9537,0.857,Yes
132,1669,0.846,Yes
133,8156,0.882,Yes
134,7630,0.866,Yes
135,388,0.06,No
136,396,0.845,Yes
137,8013,0.89,Yes
138,15978,0.825,Yes
139,50098,0.836,Yes
140,47743,0.846,Yes
141,2178,0.841,Yes
142,8775,0.753,Yes
143,16748,0.874,Yes
144,1216,0.815,Yes
145,2160,0.866,Yes
146,6329,0.835,Yes
147,1938,0.161,No
148,8785,0.881,Yes
149,4393,0.867,Yes
150,8565,0.891,Yes
151,3820,0.804,Yes
152,4344,0.847,Yes
153,11344,0.837,Yes
154,9575,0.868,Yes
155,4366,0.852,Yes
156,3757,0.876,Yes
157,6135,0.849,Yes
158,18249,0.849,Yes
159,64396,0.902,Yes
160,9369,0.882,Yes
161,24795,0.886,Yes
162,9285,0.879,Yes
163,8821,0.858,Yes
164,1680,0.143,No
165,3574,0.85,Yes
166,12127,0.842,Yes
167,3547,0.806,Yes
168,20136,0.857,Yes
169,2780,0.77,Yes
170,10296,0.874,Yes
171,23478,0.916,Yes
172,10682,0.146,No
173,5443,0.86,Yes
174,7027,0.823,Yes
175,19968,0.863,Yes
176,5643,0.85,Yes
177,748,0.128,No
178,748,0.14,No
179,2831,0.117,No
180,3400,0.843,Yes
181,15490,0.812,Yes
182,4266,0.823,Yes
183,9996,0.84,Yes
184,3548,0.771,Yes
185,2124,0.087,No
186,657,0.131,No
187,936,0.129,No
188,360,0.154,No
189,882,0.131,No
190,351,0.131,No
191,342,0.147,No
192,603,0.104,No
193,684,0.129,No
194,378,0.15,No
195,639,0.123,No
196,909,0.119,No
197,531,0.12,No
198,495,0.125,No
199,243,0.147,No
200,873,0.145,No
201,234,0.127,No
202,432,0.104,No
203,14597,0.899,Yes
204,48719,0.835,Yes
205,1883,0.871,Yes
206,79012,0.839,Yes
207,92,0.143,No
208,223,0.143,No
209,432,0.118,No
210,692,0.122,No
211,1564,0.149,No
212,88,0.169,No
213,3139,0.858,Yes
214,1890,0.83,Yes
215,1625,0.859,Yes
216,1930,0.839,Yes
217,1523,0.835,Yes
218,1773,0.874,Yes
219,132,0.107,No
220,1950,0.123,No
221,1371,0.127,No
222,1100,0.138,No
223,810,0.158,No
224,1045,0.119,No
225,1090,0.139,No
226,900,0.156,No
227,1310,0.11,No
228,952,0.169,No
229,1320,0.152,No
230,1760,0.149,No
231,1240,0.121,No
232,1030,0.133,No
233,1200,0.137,No
234,1448,0.135,No
235,760,0.149,No
236,890,0.133,No
237,340,0.124,No
238,4473,0.13,No
239,20971,0.913,Yes
240,9181,0.875,Yes
241,5379,0.871,Yes
242,4094,0.876,Yes
243,10224,0.847,Yes
244,2814,0.863,Yes
245,1640,0.874,Yes
246,9842,0.885,Yes
247,8577,0.853,Yes
248,10574,0.841,Yes
249,5532,0.865,Yes
250,5833,0.155,No
251,2100,0.145,No
252,8833,0.179,No
253,691,0.174,No
254,7111,0.801,Yes
255,28308,0.834,Yes
256,5264,0.878,Yes
257,28880,0.863,Yes
258,3080,0.857,Yes
259,3877,0.814,Yes
260,15157,0.847,Yes
261,8560,0.879,Yes
262,1520,0.851,Yes
263,3160,0.874,Yes
264,1000,0.835,Yes
265,3360,0.876,Yes
266,1360,0.867,Yes
267,1320,0.867,Yes
268,4160,0.83,Yes
269,7699,0.826,Yes
270,2800,0.844,Yes
271,5600,0.87,Yes
272,880,0.842,Yes
273,6296,0.895,Yes
274,5680,0.872,Yes
275,4332,0.848,Yes
276,6182,0.893,Yes
277,1240,0.847,Yes
278,13732,0.847,Yes
279,2582,0.877,Yes
280,3215,0.858,Yes
281,8728,0.864,Yes
282,29056,0.806,Yes
283,2545,0.829,Yes
284,7868,0.857,Yes
285,10512,0.881,Yes
286,5102,0.844,Yes
287,1690,0.84,Yes
288,92,0.139,No
289,15529,0.852,Yes
290,9920,0.898,Yes
291,18550,0.867,Yes
292,504,0.134,No
293,13490,0.839,Yes
294,17608,0.828,Yes
295,15248,0.872,Yes
296,3652,0.862,Yes
297,11665,0.866,Yes
298,15341,0.859,Yes
299,7852,0.869,Yes
300,504,0.159,No
301,1677,0.146,No
302,4285,0.885,Yes
303,2163,0.791,Yes
304,1828,0.821,Yes
305,4068,0.204,No
306,3151,0.861,Yes
307,3397,0.881,Yes
308,62742,0.889,Yes
309,1548,0.814,Yes
310,2544,0.875,Yes
311,5892,0.875,Yes
312,9849,0.876,Yes
313,2712,0.819,Yes
314,1188,0.143,No
315,760,0.116,No
316,1860,0.848,Yes
317,4040,0.88,Yes
318,4509,0.815,Yes
319,6189,0.844,Yes
320,2752,0.831,Yes
321,27654,0.861,Yes
322,15588,0.823,Yes
323,12826,0.845,Yes
324,5481,0.88,Yes
325,2297,0.857,Yes
326,3116,0.86,Yes
327,1861,0.833,Yes
328,19998,0.877,Yes
329,840,0.164,No
330,1498,0.817,Yes
331,4378,0.777,Yes
332,2058,0.818,Yes
333,3158,0.765,Yes
334,3790,0.823,Yes
335,1760,0.121,No
336,4950,0.832,Yes
337,5516,0.789,Yes
338,3594,0.132,No
339,690,0.135,No
340,210,0.11,No
341,429,0.098,No
342,242,0.151,No
343,264,0.154,No
344,682,0.103,No
345,735,0.125,No
346,715,0.124,No
347,693,0.153,No
348,242,0.101,No
349,1200,0.12,No
350,709,0.128,No
351,1257,0.122,No
352,92,0.132,No
353,1580,0.147,No
354,92,0.097,No
355,6966,0.833,Yes
356,5923,0.88,Yes
357,92,0.164,No
358,612,0.118,No
359,630,0.134,No
360,810,0.169,No
361,5274,0.119,No
362,2215,0.892,Yes
363,1560,0.855,Yes
364,2280,0.896,Yes
365,9675,0.885,Yes
366,9828,0.15,No
367,3046,0.841,Yes
368,26680,0.837,Yes
369,1325,0.191,No
370,5765,0.833,Yes
371,901,0.142,No
372,13275,0.822,Yes
373,4773,0.832,Yes
374,15241,0.885,Yes
375,6287,0.862,Yes
376,2510,0.823,Yes
377,22626,0.834,Yes
378,5240,0.865,Yes
379,1846,0.891,Yes
380,5345,0.866,Yes
381,2988,0.134,No
382,1720,0.848,Yes
383,2950,0.836,Yes
384,10685,0.871,Yes
385,14326,0.778,Yes
386,12209,0.809,Yes
387,20967,0.757,Yes
388,15950,0.805,Yes
389,14297,0.825,Yes
390,12064,0.813,Yes
391,7539,0.181,No
392,792,0.117,No
393,2480,0.85,Yes
394,1767,0.877,Yes
395,92,0.138,No
396,1640,0.859,Yes
397,1889,0.876,Yes
398,2200,0.886,Yes
399,54854,0.882,Yes
400,7308,0.88,Yes
401,6501,0.882,Yes
402,92,0.128,No
403,29255,0.859,Yes
404,1800,0.143,No
405,1583,0.809,Yes
406,20892,0.839,Yes
407,29612,0.815,Yes
408,5687,0.851,Yes
409,4590,0.115,No
410,3360,0.851,Yes
411,486,0.134,No
412,486,0.139,No
413,30311,0.877,Yes
414,23477,0.865,Yes
415,4851,0.841,Yes
416,2755,0.161,No
417,12117,0.838,Yes
418,6120,0.826,Yes
419,6474,0.838,Yes
420,20645,0.86,Yes
421,1166,0.145,No
422,4734,0.142,No
423,9587,0.867,Yes
424,12323,0.832,Yes
425,3636,0.104,No
426,15242,0.874,Yes
427,8755,0.908,Yes
428,10253,0.881,Yes
429,4140,0.114,No
430,3160,0.874,Yes
431,24504,0.867,Yes
432,10510,0.139,No
433,22580,0.866,Yes
434,2649,0.854,Yes
435,38485,0.818,Yes
436,28728,0.867,Yes
437,7389,0.861,Yes
438,1615,0.835,Yes
439,4440,0.825,Yes
440,10515,0.865,Yes
441,1280,0.845,Yes
442,18359,0.901,Yes
443,5279,0.859,Yes
444,3888,0.148,No
445,11107,0.145,No
446,5293,0.864,Yes
447,8457,0.835,Yes
448,5743,0.873,Yes
449,5960,0.888,Yes
450,5583,0.845,Yes
451,7506,0.13,No
452,4986,0.131,No
453,15786,0.841,Yes
454,3102,0.749,Yes
455,19179,0.897,Yes
456,13669,0.884,Yes
457,5520,0.123,No
458,1440,0.081,No
459,24446,0.854,Yes
460,9364,0.838,Yes
461,6080,0.137,No
462,4823,0.139,No
463,3042,0.115,No
464,3659,0.876,Yes
465,41743,0.852,Yes
466,1692,0.153,No
467,13641,0.856,Yes
468,7519,0.907,Yes
469,6320,0.82,Yes
470,6160,0.143,No
471,5320,0.898,Yes
472,12200,0.877,Yes
473,2385,0.14,No
474,2862,0.133,No
475,1536,0.868,Yes
476,1573,0.831,Yes
477,1508,0.868,Yes
478,1242,0.15,No
479,7338,0.12,No
480,14641,0.855,Yes
481,6019,0.882,Yes
482,1798,0.876,Yes
483,8499,0.848,Yes
484,3440,0.157,No
485,12710,0.855,Yes
486,3045,0.161,No
487,4901,0.883,Yes
488,2360,0.866,Yes
489,5240,0.831,Yes
490,25842,0.83,Yes
491,2454,0.839,Yes
492,1720,0.851,Yes
493,9228,0.887,Yes
494,11617,0.848,Yes
495,11424,0.861,Yes
496,29589,0.865,Yes
497,4882,0.855,Yes
498,13654,0.873,Yes
499,2998,0.894,Yes
500,2741,0.18,No
501,4320,0.843,Yes
502,24871,0.807,Yes
503,9346,0.866,Yes
504,2360,0.849,Yes
505,4038,0.832,Yes
506,30558,0.879,Yes
507,24573,0.83,Yes
508,5120,0.106,No
509,2840,0.145,No
510,990,0.14,No
511,950,0.14,No
512,10381,0.83,Yes
513,26961,0.836,Yes
514,11024,0.838,Yes
515,16059,0.836,Yes
516,11035,0.856,Yes
517,42734,0.845,Yes
518,3962,0.856,Yes
519,3932,0.84,Yes
520,7772,0.826,Yes
521,4477,0.86,Yes
522,2976,0.882,Yes
523,3839,0.871,Yes
524,3935,0.846,Yes
525,7012,0.887,Yes
526,1187,0.122,No
527,4839,0.859,Yes
528,12331,0.858,Yes
529,2200,0.862,Yes
530,12625,0.92,Yes
531,2968,0.858,Yes
532,6993,0.869,Yes
533,444,0.118,No
534,9074,0.173,No
535,2541,0.142,No
536,3482,0.847,Yes
537,5792,0.127,No
538,5440,0.829,Yes
539,800,0.141,No
540,2080,0.899,Yes
541,1740,0.143,No
542,12615,0.79,Yes
543,7975,0.834,Yes
544,13717,0.866,Yes
545,9947,0.8,Yes
546,14152,0.802,Yes
547,9222,0.761,Yes
548,4326,0.156,No
549,660,0.164,No
550,1242,0.107,No
551,15381,0.883,Yes
552,5777,0.902,Yes
553,3003,0.89,Yes
554,4133,0.879,Yes
555,360,0.79,Yes
556,1240,0.888,Yes
557,671,0.122,No
558,946,0.136,No
559,924,0.171,No
560,990,0.133,No
561,737,0.137,No
562,220,0.129,No
563,604,0.106,No
564,1200,0.15,No
565,1754,0.816,Yes
566,940,0.158,No
567,1520,0.175,No
568,378,0.729,Yes
569,2120,0.885,Yes
570,4151,0.859,Yes
571,3913,0.818,Yes
572,2931,0.842,Yes
573,360,0.766,Yes
574,2760,0.909,Yes
575,3131,0.872,Yes
576,3175,0.883,Yes
577,3051,0.878,Yes
578,2989,0.906,Yes
579,360,0.829,Yes
580,2091,0.788,Yes
581,1185,0.761,Yes
582,2000,0.837,Yes
583,1120,0.856,Yes
584,4683,0.902,Yes
585,1651,0.838,Yes
586,3040,0.877,Yes
587,2528,0.841,Yes
588,2554,0.887,Yes
589,2599,0.854,Yes
590,1800,0.847,Yes
591,360,0.792,Yes
592,10560,0.102,No
593,5460,0.145,No
594,1890,0.117,No
595,420,0.067,No
596,360,0.04,No
597,150,0.065,No
598,62,0.058,No
599,409,0.076,No
600,217,0.093,No
601,240,0.081,No
602,354,0.078,No
603,180,0.078,No
604,306,0.05,No
605,432,0.09,No
606,360,0.059,No
607,198,0.076,No
608,582,0.065,No
609,288,0.086,No
610,270,0.081,No
611,263,0.06,No
612,332,0.058,No
613,273,0.06,No
614,257,0.055,No
615,302,0.064,No
616,345,0.082,No
617,236,0.047,No
618,211,0.077,No
619,276,0.05,No
620,253,0.069,No
621,270,0.076,No
622,234,0.077,No
623,339,0.084,No
624,266,0.075,No
625,301,0.081,No
626,247,0.081,No
627,357,0.047,No
628,309,0.073,No
629,301,0.057,No
630,224,0.065,No
631,147,0.053,No
632,154,0.058,No
633,269,0.061,No
634,270,0.071,No
635,249,0.065,No
636,276,0.042,No
637,247,0.091,No
638,256,0.057,No
639,154,0.071,No
640,132,0.049,No
641,234,0.072,No
642,250,0.072,No
643,93,0.065,No
644,234,0.06,No
645,234,0.062,No
646,132,0.069,No
647,86,0.082,No
648,312,0.081,No
649,344,0.065,No
650,692,0.087,No
651,1413,0.071,No
652,791,0.073,No
653,726,0.058,No
654,3914,0.08,No
655,46,0.075,No
656,779,0.084,No
657,273,0.054,No
658,370,0.062,No
659,662,0.08,No
660,388,0.069,No
661,503,0.068,No
662,362,0.082,No
663,154,0.089,No
664,120,0.076,No
665,315,0.051,No
666,140,0.069,No
667,66,0.052,No
668,154,0.079,No
669,466,0.079,No
670,403,0.073,No
671,452,0.075,No
672,540,0.039,No
673,461,0.07,No
674,452,0.08,No
675,154,0.076,No
676,132,0.081,No
677,264,0.072,No
678,228,0.071,No
679,2988,0.054,No
680,132,0.069,No
681,132,0.07,No
682,660,0.064,No
683,1582,0.084,No
684,132,0.079,No
685,2262,0.068,No
686,2200,0.082,No
687,11656,0.078,No
688,142,0.064,No
689,6574,0.069,No
690,3525,0.08,No
691,1056,0.062,No
692,18197,0.079,No
693,24907,0.077,No
694,17922,0.06,No
695,35951,0.083,No
696,10637,0.078,No
697,23695,0.062,No
698,13839,0.059,No
699,43963,0.077,No
700,43784,0.072,No
701,9282,0.097,No
702,3729,0.08,No
703,2936,0.044,No
704,9533,0.062,No
705,7019,0.056,No
706,117228,0.047,No
707,2357,0.058,No
708,11050,0.078,No
709,2310,0.073,No
710,2079,0.071,No
711,7356,0.081,No
712,4094,0.099,No
713,6791,0.069,No
714,11606,0.062,No
715,37323,0.091,No
716,2386,0.089,No
717,2376,0.082,No
718,32530,0.098,No
719,25528,0.055,No
720,2046,0.092,No
721,13346,0.079,No
722,7709,0.057,No
723,2442,0.067,No
724,1845,0.056,No
725,693,0.056,No
726,30557,0.052,No
727,693,0.058,No
728,1334,0.081,No
729,1446,0.073,No
730,6958,0.091,No
731,3573,0.049,No
732,1419,0.057,No
733,891,0.099,No
734,3570,0.061,No
735,5009,0.07,No
736,396,0.067,No
737,450,0.056,No
738,732,0.076,No
739,1206,0.063,No
740,230,0.084,No
741,20908,0.08,No
742,230,0.058,No
743,1221,0.074,No
744,1155,0.065,No
745,1086,0.062,No
746,2767,0.07,No
747,14890,0.07,No
748,1822,0.059,No
749,3036,0.081,No
750,1056,0.074,No
751,17405,0.095,No
752,792,0.072,No
753,1396,0.043,No
754,1396,0.074,No
755,1152,0.064,No
756,693,0.066,No
757,3125,0.054,No
758,11816,0.079,No
759,693,0.066,No
760,1762,0.065,No
761,483,0.077,No
762,3439,0.099,No
763,2518,0.087,No
764,957,0.075,No
765,1561,0.076,No
766,4396,0.067,No
767,693,0.061,No
768,1401,0.078,No
769,693,0.057,No
770,21131,0.087,No
771,4130,0.063,No
772,2947,0.054,No
773,16595,0.07,No
774,8744,0.071,No
775,4399,0.085,No
776,7698,0.085,No
777,12404,0.075,No
778,210,0.061,No
779,25072,0.066,No
780,210,0.068,No
781,2779,0.087,No
782,28178,0.061,No
783,9440,0.069,No
784,2036,0.053,No
785,4087,0.065,No
786,2350,0.09,No
787,210,0.058,No
788,13210,0.067,No
789,21928,0.089,No
790,2406,0.063,No
791,210,0.075,No
792,693,0.04,No
793,3933,0.06,No
794,5161,0.074,No
795,210,0.059,No
796,4323,0.063,No
797,6168,0.05,No
798,1221,0.089,No
799,1980,0.091,No
800,693,0.066,No
801,2558,0.091,No
802,2361,0.073,No
803,1914,0.072,No
804,1637,0.081,No
805,812,0.051,No
806,693,0.059,No
807,1782,0.058,No
808,1419,0.062,No
809,1089,0.064,No
810,1188,0.052,No
811,1244,0.061,No
812,924,0.063,No
813,1122,0.068,No
814,1188,0.064,No
815,1122,0.072,No
816,3207,0.077,No
817,1701,0.059,No
818,4162,0.089,No
819,1254,0.069,No
820,17581,0.076,No
821,44745,0.066,No
822,4299,0.063,No
823,693,0.079,No
824,3731,0.074,No
825,2391,0.065,No
826,2347,0.08,No
827,1386,0.056,No
828,3244,0.041,No
829,5379,0.076,No
830,1533,0.068,No
831,2843,0.079,No
832,8059,0.064,No
833,1119,0.047,No
834,1152,0.062,No
835,1548,0.064,No
836,693,0.046,No
837,1287,0.076,No
838,7447,0.075,No
839,1731,0.053,No
840,5775,0.092,No
841,3399,0.093,No
842,2112,0.07,No
843,2172,0.077,No
844,5934,0.09,No
845,3820,0.066,No
846,1683,0.052,No
847,3960,0.052,No
848,693,0.088,No
849,4576,0.064,No
850,5930,0.073,No
851,2013,0.083,No
852,693,0.079,No
853,3739,0.041,No
854,2178,0.069,No
855,2376,0.07,No
856,2452,0.101,No
857,1089,0.081,No
858,609,0.075,No
859,1518,0.069,No
860,1518,0.075,No
861,1683,0.069,No
862,1254,0.075,No
863,1320,0.066,No
864,210,0.066,No
865,15067,0.068,No
866,25365,0.062,No
867,399,0.08,No
868,92561,0.076,No
869,8049,0.069,No
870,693,0.081,No
871,3338,0.064,No
872,1858,0.071,No
873,2175,0.059,No
874,11525,0.07,No
875,4562,0.061,No
876,1485,0.073,No
877,3853,0.065,No
878,1305,0.084,No
879,3201,0.082,No
880,22667,0.062,No
881,525,0.074,No
882,1815,0.071,No
883,6445,0.08,No
884,2089,0.087,No
885,3381,0.067,No
886,2343,0.067,No
887,7937,0.083,No
888,210,0.047,No
889,16235,0.081,No
890,4813,0.067,No
891,6777,0.062,No
892,11163,0.085,No
893,11573,0.071,No
894,20011,0.066,No
895,72951,0.06,No
896,40369,0.064,No
897,15145,0.077,No
898,13162,0.08,No
899,25954,0.077,No
900,2988,0.053,No
901,10134,0.082,No
902,2172,0.078,No
903,8214,0.067,No
904,4376,0.065,No
905,11505,0.07,No
906,1947,0.083,No
907,11230,0.067,No
908,3546,0.064,No
909,5239,0.09,No
910,8146,0.069,No
911,11510,0.078,No
912,5600,0.057,No
913,15344,0.071,No
914,11354,0.077,No
915,6726,0.054,No
916,14253,0.074,No
917,8390,0.062,No
918,11321,0.063,No
919,6759,0.073,No
920,14937,0.066,No
921,1881,0.041,No
922,3125,0.071,No
923,1769,0.086,No
924,5132,0.057,No
925,5894,0.05,No
926,5444,0.071,No
927,6388,0.077,No
928,12857,0.087,No
929,10305,0.052,No
930,2247,0.062,No
931,3361,0.086,No
932,8679,0.077,No
933,2145,0.061,No
934,6039,0.078,No
935,3816,0.1,No
936,2492,0.041,No
937,27444,0.068,No
938,6097,0.054,No
939,14692,0.09,No
940,18505,0.058,No
941,11792,0.067,No
942,6904,0.066,No
943,6749,0.09,No
944,2020,0.079,No
945,27509,0.087,No
946,40484,0.07,No
947,6148,0.072,No
948,2079,0.08,No
949,6485,0.07,No
950,1997,0.086,No
951,9434,0.073,No
952,2278,0.071,No
953,3198,0.082,No
954,2696,0.081,No
955,4224,0.047,No
956,7763,0.087,No
957,1779,0.11,No
958,9665,0.06,No
959,3094,0.078,No
960,1426,0.073,No
961,4732,0.065,No
962,3211,0.068,No
963,2848,0.08,No
964,2680,0.102,No
965,330,0.083,No
966,244,0.068,No
967,140,0.068,No
968,22,0.071,No
969,59,0.103,No
970,229,0.084,No
971,4522,0.058,No
972,2054,0.086,No
973,3188,0.064,No
974,10559,0.066,No
975,2605,0.053,No
976,1105,0.078,No
977,1875,0.066,No
978,714,0.069,No
979,270,0.085,No
980,558,0.066,No
981,524,0.067,No
982,694,0.052,No
983,524,0.078,No
984,592,0.058,No
985,1147,0.08,No
986,592,0.067,No
987,592,0.074,No
988,524,0.062,No
989,524,0.064,No
990,847,0.076,No
991,578,0.049,No
992,660,0.076,No
993,524,0.102,No
994,592,0.062,No
995,527,0.08,No
996,728,0.068,No
997,524,0.067,No
998,507,0.066,No
999,524,0.059,No
1000,541,0.061,No
1001,558,0.075,No
1002,541,0.072,No
1003,524,0.084,No
1004,592,0.064,No
1005,524,0.069,No
1006,643,0.078,No
1007,660,0.067,No
1008,541,0.076,No
1009,558,0.064,No
1010,541,0.059,No
1011,592,0.075,No
1012,524,0.075,No
1013,1220,0.079,No
1014,524,0.057,No
1015,524,0.094,No
1016,524,0.065,No
1017,779,0.081,No
1018,660,0.08,No
1019,524,0.061,No
1020,745,0.072,No
1021,541,0.054,No
1022,1088,0.073,No
1023,2993,0.074,No
1024,280,0.05,No
1025,168,0.071,No
1026,1280,0.081,No
1027,352,0.07,No
1028,3008,0.073,No
1029,176,0.061,No
1030,568,0.064,No
1031,256,0.056,No
1032,256,0.045,No
1033,1496,0.056,No
1034,224,0.054,No
1035,312,0.078,No
1036,168,0.067,No
1037,248,0.062,No
1038,168,0.058,No
1039,176,0.075,No
1040,216,0.057,No
1041,496,0.058,No
1042,760,0.075,No
1043,176,0.091,No
1044,1636,0.071,No
1045,432,0.058,No
1046,168,0.049,No
1047,456,0.069,No
1048,185,0.065,No
1049,288,0.071,No
1050,224,0.058,No
1051,456,0.06,No
1052,752,0.082,No
1053,175,0.082,No
1054,344,0.055,No
1055,248,0.059,No
1056,248,0.08,No
1057,176,0.076,No
1058,943,0.074,No
1059,4225,0.067,No
1060,1239,0.055,No
1061,1268,0.094,No
1062,782,0.092,No
1063,1280,0.075,No
1064,913,0.068,No
1065,845,0.043,No
1066,1551,0.074,No
1067,315,0.066,No
1068,10174,0.073,No
1069,3084,0.059,No
1070,552,0.071,No
1071,376,0.078,No
1072,1384,0.074,No
1073,1464,0.066,No
1074,1344,0.077,No
1075,507,0.071,No
1076,1646,0.783,Yes
1077,3014,0.846,Yes
1078,384,0.12,No
1079,392,0.152,No
1080,320,0.158,No
1081,336,0.127,No
1082,248,0.15,No
1083,240,0.15,No
1084,568,0.127,No
1085,456,0.142,No
1086,480,0.129,No
1087,472,0.105,No
1088,880,0.141,No
1089,644,0.77,Yes
1090,920,0.776,Yes
1091,890,0.809,Yes
1092,918,0.795,Yes
1093,536,0.137,No
1094,160,0.737,Yes
1095,1620,0.808,Yes
1096,448,0.124,No
1097,408,0.11,No
1098,176,0.133,No
1099,192,0.128,No
1100,1858,0.817,Yes
1101,59,0.086,No
1102,74,0.093,No
1103,33,0.039,No
1104,51,0.058,No
1105,53,0.082,No
1106,23,0.074,No
1107,39,0.079,No
1108,50,0.074,No
1109,31,0.098,No
1110,39,0.042,No
1111,39,0.07,No
1112,22,0.057,No
1113,38,0.065,No
1114,27,0.058,No
1115,28,0.083,No
1116,30,0.08,No
1117,34,0.053,No
1118,40,0.061,No
1119,59,0.074,No
1120,31,0.069,No
1121,51,0.072,No
1122,72,0.064,No
1123,23,0.051,No
1124,42,0.073,No
1125,410,0.079,No
1126,47,0.067,No
1127,67,0.067,No
1128,43,0.058,No
1129,38,0.043,No
1130,43,0.052,No
1131,45,0.078,No
1132,35,0.075,No
1133,31,0.072,No
1134,39,0.058,No
1135,43,0.1,No
1136,40,0.06,No
1137,30,0.079,No
1138,50,0.075,No
1139,38,0.06,No
1140,40,0.05,No
1141,37,0.065,No
1142,53,0.074,No
1143,51,0.08,No
1144,41,0.079,No
1145,37,0.078,No
1146,21,0.049,No
1147,22,0.072,No
1148,43,0.055,No
1149,43,0.063,No
1150,38,0.069,No
1151,42,0.05,No
1152,39,0.066,No
1153,41,0.053,No
1154,22,0.076,No
1155,22,0.035,No
1156,57,0.076,No
1157,86,0.061,No
1158,69,0.074,No
1159,25,0.066,No
1160,28,0.054,No
1161,22,0.068,No
1162,38,0.067,No
1163,31,0.069,No
1164,21,0.058,No
1165,156,0.069,No
1166,21,0.077,No
1167,47,0.069,No
1168,37,0.07,No
1169,24,0.063,No
1170,41,0.059,No
1171,38,0.07,No
1172,48,0.068,No
1173,22,0.064,No
1174,60,0.101,No
1175,35,0.068,No
1176,42,0.051,No
1177,37,0.048,No
1178,67,0.072,No
1179,33,0.055,No
1180,75,0.092,No
1181,91,0.067,No
1182,36,0.09,No
1183,36,0.051,No
1184,51,0.049,No
1185,78,0.069,No
1186,75,0.066,No
1187,86,0.065,No
1188,43,0.065,No
1189,404,0.045,No
1190,37,0.085,No
1191,23,0.07,No
1192,97,0.071,No
1193,52,0.065,No
1194,107,0.078,No
1195,176,0.075,No
1196,687,0.087,No
1197,23,0.06,No
1198,43,0.088,No
1199,88,0.09,No
1200,140,0.059,No
1201,95,0.078,No
1202,113,0.067,No
1203,127,0.071,No
1204,940,0.07,No
1205,46,0.078,No
1206,236,0.071,No
1207,40,0.077,No
1208,56,0.065,No
1209,96,0.065,No
1210,56,0.084,No
1211,75,0.071,No
1212,53,0.075,No
1213,22,0.075,No
1214,120,0.079,No
1215,107,0.092,No
1216,140,0.052,No
1217,22,0.071,No
1218,22,0.061,No
1219,74,0.084,No
1220,58,0.072,No
1221,83,0.048,No
1222,84,0.056,No
1223,74,0.057,No
1224,71,0.055,No
1225,22,0.073,No
1226,22,0.058,No
1227,44,0.074,No
1228,77,0.072,No
1229,168,0.06,No
1230,236,0.078,No
1231,131,0.066,No
1232,110,0.044,No
1233,21,0.087,No
1234,22,0.06,No
1235,22,0.05,No
1236,22,0.055,No
1237,45,0.081,No
1238,172,0.045,No
1239,284,0.085,No
1240,376,0.064,No
1241,408,0.076,No
1242,454,0.062,No
1243,44,0.09,No
1244,141,0.051,No
1245,416,0.065,No
1246,135,0.059,No
1247,65,0.087,No
1248,46,0.079,No
1249,230,0.056,No
1250,104,0.069,No
1251,115,0.063,No
1252,41,0.06,No
1253,55,0.087,No
1254,36,0.082,No
1255,110,0.054,No
1256,22,0.063,No
1257,21,0.06,No
1258,35,0.046,No
1259,26,0.057,No
1260,39,0.065,No
1261,46,0.055,No
1262,54,0.077,No
1263,48,0.087,No
1264,18,0.087,No
1265,21,0.054,No
1266,32,0.044,No
1267,33,0.068,No
1268,31,0.083,No
1269,31,0.058,No
1270,18,0.067,No
1271,22,0.077,No
1272,30,0.068,No
1273,102,0.051,No
1274,105,0.087,No
1275,107,0.088,No
1276,39,0.06,No
1277,31,0.061,No
1278,31,0.067,No
1279,40,0.057,No
1280,31,0.066,No
1281,31,0.084,No
1282,42,0.081,No
1283,31,0.065,No
1284,31,0.052,No
1285,22,0.063,No
1286,117,0.071,No
1287,187,0.084,No
1288,29,0.088,No
1289,93,0.06,No
1290,61,0.057,No
1291,71,0.073,No
1292,119,0.063,No
1293,134,0.075,No
1294,22,0.057,No
1295,125,0.084,No
1296,163,0.081,No
1297,21,0.094,No
1298,143,0.072,No
1299,76,0.07,No
1300,121,0.064,No
1301,153,0.073,No
1302,237,0.074,No
1303,59,0.075,No
1304,95,0.064,No
1305,22,0.064,No
1306,22,0.038,No
1307,22,0.063,No
1308,220,0.056,No
1309,32,0.06,No
1310,146,0.064,No
1311,85,0.055,No
1312,18,0.071,No
1313,35,0.072,No
1314,42,0.078,No
1315,45,0.084,No
1316,78,0.064,No
1317,100,0.07,No
1318,62,0.092,No
1319,25,0.077,No
1320,21,0.059,No
1321,127,0.062,No
1322,38,0.06,No
1323,54,0.081,No
1324,88,0.054,No
1325,22,0.063,No
1326,34,0.074,No
1327,66,0.087,No
1328,140,0.085,No
1329,162,0.08,No
1330,122,0.071,No
1331,76,0.082,No
1332,22,0.059,No
1333,61,0.067,No
1334,43,0.078,No
1335,43,0.047,No
1336,43,0.088,No
1337,43,0.061,No
1338,41,0.08,No
1339,47,0.058,No
1340,126,0.06,No
1341,445,0.083,No
1342,74,0.089,No
1343,51,0.063,No
1344,116,0.079,No
1345,63,0.055,No
1346,129,0.055,No
1347,71,0.08,No
1348,167,0.062,No
1349,213,0.091,No
1350,281,0.104,No
1351,193,0.081,No
1352,249,0.091,No
1353,119,0.087,No
1354,165,0.061,No
1355,161,0.055,No
1356,139,0.063,No
1357,141,0.072,No
1358,165,0.07,No
1359,152,0.071,No
1360,155,0.074,No
1361,70,0.073,No
1362,220,0.049,No
1363,56,0.068,No
1364,124,0.07,No
1365,162,0.089,No
1366,114,0.068,No
1367,101,0.069,No
1368,59,0.067,No
1369,22,0.056,No
1370,346,0.062,No
1371,38,0.052,No
1372,22,0.051,No
1373,58,0.075,No
1374,211,0.084,No
1375,42,0.079,No
1376,46,0.053,No
1377,18,0.065,No
1378,114,0.062,No
1379,54,0.083,No
1380,22,0.076,No
1381,104,0.092,No
1382,22,0.07,No
1383,84,0.077,No
1384,22,0.07,No
1385,17,0.063,No
1386,58,0.05,No
1387,31,0.077,No
1388,27,0.08,No
1389,36,0.056,No
1390,58,0.058,No
1391,31,0.065,No
1392,22,0.064,No
1393,30,0.083,No
1394,17,0.059,No
1395,31,0.053,No
1396,28,0.042,No
1397,31,0.055,No
1398,36,0.071,No
1399,17,0.068,No
1400,17,0.067,No
1401,43,0.071,No
1402,32,0.079,No
1403,129,0.076,No
1404,146,0.057,No
1405,70,0.08,No
1406,192,0.073,No
1407,59,0.069,No
1408,121,0.08,No
1409,55,0.056,No
1410,55,0.049,No
1411,218,0.072,No
1412,58,0.084,No
1413,328,0.074,No
1414,22,0.08,No
1415,300,0.064,No
1416,22,0.088,No
1417,22,0.06,No
1418,53,0.046,No
1419,149,0.049,No
1420,77,0.063,No
1421,179,0.071,No
1422,45,0.073,No
1423,139,0.078,No
1424,147,0.082,No
1425,113,0.076,No
1426,163,0.057,No
1427,117,0.064,No
1428,18,0.078,No
1429,22,0.069,No
1430,18,0.064,No
1431,83,0.052,No
1432,369,0.073,No
1433,132,0.078,No
1434,188,0.062,No
1435,76,0.061,No
1436,37,0.059,No
1437,167,0.09,No
1438,240,0.054,No
1439,1932,0.827,Yes
1440,1820,0.847,Yes
1441,396,0.069,No
1442,672,0.082,No
1443,1620,0.066,No
1444,225268,0.828,Yes
1445,154481,0.847,Yes
1446,21139,0.805,Yes
1447,2204,0.827,Yes
1448,1541,0.804,Yes
1449,1127,0.875,Yes
1450,1482,0.793,Yes
1451,1284,0.803,Yes
1452,240,0.18,No
1453,240,0.17,No
1454,3381,0.787,Yes
1455,34,0.134,No
1456,1035,0.068,No
1457,1050,0.071,No
1458,4620,0.076,No
1459,2925,0.067,No
1460,1170,0.072,No
1461,645,0.078,No
1462,375,0.064,No
1463,1140,0.044,No
1464,465,0.066,No
1465,480,0.076,No
1466,2790,0.055,No
1467,420,0.063,No
1468,600,0.05,No
1469,765,0.069,No
1470,615,0.052,No
1471,585,0.075,No
1472,510,0.057,No
1473,2850,0.074,No
1474,4170,0.108,No
1475,360,0.065,No
1476,975,0.074,No
1477,870,0.056,No
1478,315,0.063,No
1479,1635,0.086,No
1480,2910,0.056,No
1481,765,0.045,No
1482,630,0.069,No
1483,1035,0.064,No
1484,8010,0.058,No
1485,1965,0.07,No
1486,3855,0.062,No
1487,855,0.05,No
1488,1395,0.081,No
1489,1725,0.081,No
1490,840,0.082,No
1491,465,0.086,No
1492,465,0.063,No
1493,690,0.073,No
1494,2565,0.037,No
1495,1860,0.091,No
1496,1485,0.084,No
1497,1065,0.092,No
1498,3075,0.065,No
1499,280,0.052,No
1500,168,0.043,No
1501,456,0.075,No
1502,1464,0.046,No
1503,1344,0.057,No
1504,1091,0.832,Yes
1505,651,0.823,Yes
1506,567,0.767,Yes
1507,1060,0.822,Yes
1508,567,0.787,Yes
1509,1869,0.831,Yes
1510,1724,0.829,Yes
1511,1113,0.815,Yes
1512,632,0.818,Yes
1513,1038,0.766,Yes
1514,870,0.813,Yes
1515,189,0.071,No
1516,2269,0.816,Yes
1517,553,0.054,No
1518,513,0.074,No
1519,2901,0.067,No
1520,1278,0.061,No
1521,2142,0.074,No
1522,6611,0.07,No
1523,1700,0.061,No
1524,715,0.053,No
1525,1177,0.057,No
1526,462,0.068,No
1527,370,0.083,No
1528,126,0.072,No
1529,374,0.068,No
1530,362,0.05,No
1531,462,0.071,No
1532,337,0.057,No
1533,381,0.05,No
1534,881,0.069,No
1535,381,0.068,No
1536,396,0.077,No
1537,96,0.062,No
1538,337,0.097,No
1539,551,0.094,No
1540,349,0.069,No
1541,425,0.069,No
1542,352,0.072,No
1543,381,0.056,No
1544,326,0.059,No
1545,474,0.066,No
1546,342,0.074,No
1547,341,0.071,No
1548,342,0.076,No
1549,368,0.072,No
1550,349,0.06,No
1551,66,0.067,No
1552,160,0.064,No
1553,381,0.061,No
1554,337,0.071,No
1555,399,0.068,No
1556,415,0.071,No
1557,348,0.061,No
1558,349,0.059,No
1559,348,0.062,No
1560,381,0.058,No
1561,337,0.085,No
1562,337,0.061,No
1563,337,0.053,No
1564,337,0.08,No
1565,502,0.061,No
1566,425,0.063,No
1567,337,0.065,No
1568,480,0.065,No
1569,353,0.091,No
1570,126,0.067,No
1571,363,0.053,No
1572,885,0.056,No
1573,623,0.061,No
1574,535,0.078,No
1575,1106,0.072,No
1576,616,0.07,No
1577,399,0.055,No
1578,399,0.074,No
1579,612,0.063,No
1580,882,0.07,No
1581,399,0.055,No
1582,679,0.068,No
1583,1953,0.098,No
1584,183,0.077,No
1585,168,0.07,No
1586,4356,0.067,No
1587,2354,0.06,No
1588,1518,0.066,No
1589,1540,0.078,No
1590,680,0.074,No
1591,12196,0.076,No
1592,1499,0.078,No
1593,11909,0.065,No
1594,32439,0.082,No
1595,23870,0.07,No
1596,23247,0.055,No
1597,10543,0.062,No
1598,29176,0.05,No
1599,29684,0.089,No
1600,552,0.09,No
1601,2486,0.055,No
1602,1980,0.048,No
1603,6526,0.063,No
1604,4598,0.071,No
1605,75280,0.044,No
1606,1509,0.043,No
1607,6600,0.075,No
1608,8586,0.07,No
1609,1540,0.07,No
1610,189,0.074,No
1611,6512,0.069,No
1612,2044,0.053,No
1613,4224,0.046,No
1614,3762,0.046,No
1615,8108,0.078,No
1616,4290,0.057,No
1617,24676,0.061,No
1618,1716,0.071,No
1619,2116,0.055,No
1620,2192,0.05,No
1621,946,0.062,No
1622,2924,0.07,No
1623,18348,0.063,No
1624,1289,0.071,No
1625,8805,0.078,No
1626,5126,0.07,No
1627,1628,0.061,No
1628,1210,0.1,No
1629,462,0.061,No
1630,20372,0.062,No
1631,462,0.075,No
1632,13662,0.065,No
1633,814,0.061,No
1634,770,0.037,No
1635,704,0.075,No
1636,1826,0.087,No
1637,10076,0.066,No
1638,1188,0.046,No
1639,2024,0.07,No
1640,704,0.077,No
1641,11792,0.089,No
1642,528,0.049,No
1643,864,0.074,No
1644,828,0.056,No
1645,748,0.053,No
1646,550,0.059,No
1647,462,0.07,No
1648,1672,0.064,No
1649,688,0.059,No
1650,704,0.067,No
1651,4092,0.075,No
1652,2002,0.064,No
1653,7832,0.064,No
1654,616,0.068,No
1655,880,0.063,No
1656,462,0.076,No
1657,1188,0.076,No
1658,2266,0.069,No
1659,1672,0.065,No
1660,638,0.062,No
1661,1034,0.089,No
1662,2904,0.071,No
1663,462,0.051,No
1664,663,0.047,No
1665,902,0.07,No
1666,946,0.063,No
1667,507,0.053,No
1668,748,0.063,No
1669,462,0.058,No
1670,1262,0.092,No
1671,2728,0.062,No
1672,1958,0.078,No
1673,9383,0.075,No
1674,528,0.047,No
1675,2926,0.063,No
1676,464,0.067,No
1677,748,0.043,No
1678,16650,0.074,No
1679,170,0.056,No
1680,3205,0.064,No
1681,540,0.071,No
1682,244,0.058,No
1683,238,0.068,No
1684,288,0.045,No
1685,800,0.071,No
1686,3795,0.054,No
1687,144,0.081,No
1688,462,0.069,No
1689,242,0.072,No
1690,328,0.092,No
1691,2822,0.057,No
1692,3872,0.071,No
1693,814,0.069,No
1694,1320,0.077,No
1695,462,0.079,No
1696,902,0.087,No
1697,4026,0.054,No
1698,1254,0.07,No
1699,1320,0.059,No
1700,748,0.085,No
1701,1672,0.054,No
1702,1606,0.069,No
1703,1276,0.066,No
1704,1113,0.084,No
1705,528,0.078,No
1706,462,0.063,No
1707,3496,0.047,No
1708,946,0.058,No
1709,726,0.062,No
1710,792,0.077,No
1711,836,0.084,No
1712,616,0.053,No
1713,748,0.077,No
1714,792,0.069,No
1715,748,0.07,No
1716,2090,0.066,No
1717,901,0.063,No
1718,2772,0.054,No
1719,836,0.054,No
1720,9666,0.062,No
1721,29770,0.074,No
1722,2926,0.078,No
1723,462,0.075,No
1724,356,0.053,No
1725,215,0.086,No
1726,1584,0.071,No
1727,924,0.067,No
1728,1274,0.087,No
1729,3518,0.069,No
1730,94,0.065,No
1731,1914,0.074,No
1732,3159,0.089,No
1733,726,0.054,No
1734,748,0.06,No
1735,1012,0.042,No
1736,462,0.072,No
1737,858,0.05,No
1738,4972,0.067,No
1739,1122,0.061,No
1740,1050,0.049,No
1741,618,0.075,No
1742,384,0.073,No
1743,1452,0.062,No
1744,4048,0.065,No
1745,686,0.058,No
1746,1122,0.067,No
1747,2640,0.051,No
1748,462,0.058,No
1749,3981,0.055,No
1750,4642,0.07,No
1751,276,0.088,No
1752,360,0.08,No
1753,1342,0.063,No
1754,462,0.055,No
1755,2486,0.05,No
1756,1452,0.077,No
1757,1584,0.083,No
1758,1628,0.094,No
1759,726,0.07,No
1760,528,0.082,No
1761,1416,0.075,No
1762,1276,0.062,No
1763,462,0.049,No
1764,1012,0.062,No
1765,1012,0.063,No
1766,1122,0.08,No
1767,836,0.066,No
1768,880,0.058,No
1769,2398,0.064,No
1770,4048,0.075,No
1771,1122,0.086,No
1772,924,0.067,No
1773,1338,0.079,No
1774,59746,0.059,No
1775,5346,0.067,No
1776,462,0.062,No
1777,2244,0.072,No
1778,1232,0.076,No
1779,1430,0.08,No
1780,4994,0.047,No
1781,2948,0.056,No
1782,11327,0.072,No
1783,2882,0.066,No
1784,5414,0.073,No
1785,10590,0.064,No
1786,1104,0.054,No
1787,1896,0.074,No
1788,765,0.067,No
1789,2530,0.063,No
1790,1232,0.057,No
1791,682,0.068,No
1792,2319,0.095,No
1793,682,0.061,No
1794,858,0.068,No
1795,2134,0.058,No
1796,12670,0.089,No
1797,1020,0.093,No
1798,1170,0.067,No
1799,1386,0.083,No
1800,2266,0.081,No
1801,1467,0.057,No
1802,4775,0.069,No
1803,12334,0.048,No
1804,3190,0.079,No
1805,4554,0.067,No
1806,7395,0.081,No
1807,7722,0.08,No
1808,12936,0.078,No
1809,47368,0.065,No
1810,28372,0.064,No
1811,9809,0.06,No
1812,9962,0.071,No
1813,17404,0.068,No
1814,1936,0.042,No
1815,6752,0.07,No
1816,1364,0.065,No
1817,4727,0.066,No
1818,2811,0.066,No
1819,7590,0.056,No
1820,177,0.055,No
1821,1782,0.045,No
1822,8976,0.036,No
1823,2332,0.055,No
1824,3596,0.062,No
1825,5390,0.085,No
1826,7488,0.084,No
1827,3716,0.08,No
1828,1309,0.073,No
1829,8200,0.057,No
1830,4452,0.059,No
1831,9233,0.061,No
1832,5588,0.092,No
1833,7564,0.084,No
1834,4510,0.076,No
1835,9806,0.085,No
1836,969,0.066,No
1837,2090,0.057,No
1838,1166,0.069,No
1839,3372,0.067,No
1840,3878,0.067,No
1841,3272,0.065,No
1842,4028,0.066,No
1843,8474,0.074,No
1844,6836,0.065,No
1845,1474,0.057,No
1846,1012,0.069,No
1847,3725,0.068,No
1848,2222,0.076,No
1849,5742,0.08,No
1850,1430,0.063,No
1851,3920,0.064,No
1852,2514,0.061,No
1853,1628,0.082,No
1854,16975,0.079,No
1855,4076,0.065,No
1856,9802,0.063,No
1857,2196,0.058,No
1858,1961,0.057,No
1859,1246,0.08,No
1860,406,0.065,No
1861,1320,0.055,No
1862,18370,0.052,No
1863,26536,0.069,No
1864,2418,0.059,No
1865,1386,0.073,No
1866,4268,0.086,No
1867,354,0.057,No
1868,6242,0.065,No
1869,2728,0.093,No
1870,2112,0.08,No
1871,1804,0.067,No
1872,2178,0.066,No
1873,2816,0.045,No
1874,5034,0.062,No
1875,1166,0.077,No
1876,6006,0.09,No
1877,1562,0.063,No
1878,2005,0.093,No
1879,4510,0.071,No
1880,924,0.086,No
1881,2756,0.08,No
1882,2134,0.082,No
1883,1892,0.069,No
1884,1736,0.044,No
1885,15234,0.086,No
1886,5611,0.068,No
1887,4646,0.087,No
1888,1541,0.047,No
1889,10649,0.058,No
1890,6685,0.102,No
1891,5957,0.073,No
1892,5267,0.066,No
1893,8579,0.072,No
1894,2294,0.066,No
1895,1281,0.074,No
1896,3608,0.07,No
1897,2266,0.079,No
1898,7942,0.061,No
1899,9197,0.093,No
1900,1601,0.068,No
1901,1035,0.07,No
1902,2092,0.059,No
1903,34978,0.073,No
1904,1380,0.06,No
1905,2760,0.063,No
1906,3529,0.069,No
1907,4013,0.073,No
1908,5911,0.065,No
1909,4074,0.035,No
1910,3414,0.083,No
1911,1298,0.054,No
1912,7082,0.063,No
1913,4488,0.076,No
1914,4594,0.047,No
1915,3648,0.067,No
1916,3520,0.074,No
1917,30,0.097,No
1918,476,0.859,Yes
1919,77,0.865,Yes
1920,69,0.882,Yes
1921,104,0.83,Yes
1922,115,0.834,Yes
1923,421,0.876,Yes
1924,61,0.813,Yes
1925,2009,0.814,Yes
1926,179,0.826,Yes
1927,106,0.849,Yes
1928,33,0.865,Yes
1929,657,0.863,Yes
1930,295,0.836,Yes
1931,872,0.872,Yes
1932,444,0.847,Yes
1933,168,0.882,Yes
1934,752,0.873,Yes
1935,135,0.896,Yes
1936,1126,0.903,Yes
1937,163,0.909,Yes
1938,184,0.857,Yes
1939,51,0.87,Yes
1940,25,0.839,Yes
1941,180,0.874,Yes
1942,64,0.887,Yes
1943,101,0.874,Yes
1944,512,0.877,Yes
1945,187,0.84,Yes
1946,56,0.867,Yes
1947,39,0.813,Yes
1948,261,0.841,Yes
1949,73,0.794,Yes
1950,65,0.848,Yes
1951,329,0.799,Yes
1952,64,0.817,Yes
1953,164,0.814,Yes
1954,624,0.816,Yes
1955,74,0.86,Yes
1956,117,0.875,Yes
1957,84,0.861,Yes
1958,226,0.848,Yes
1959,76,0.85,Yes
1960,323,0.818,Yes
1961,153,0.832,Yes
1962,250,0.867,Yes
1963,73,0.828,Yes
1964,84,0.855,Yes
1965,61,0.846,Yes
1966,936,0.853,Yes
1967,76,0.832,Yes
1968,165,0.843,Yes
1969,504,0.816,Yes
1970,109,0.824,Yes
1971,77,0.861,Yes
1972,75,0.898,Yes
1973,204,0.829,Yes
1974,127,0.844,Yes
1975,148,0.859,Yes
1976,169,0.863,Yes
1977,157,0.85,Yes
1978,96,0.836,Yes
1979,26,0.819,Yes
1980,87,0.839,Yes
1981,38,0.834,Yes
1982,281,0.865,Yes
1983,380,0.846,Yes
1984,339,0.861,Yes
1985,234,0.82,Yes
1986,239,0.823,Yes
1987,107,0.882,Yes
1988,174,0.862,Yes
1989,101,0.863,Yes
1990,176,0.805,Yes
1991,212,0.855,Yes
1992,33,0.84,Yes
1993,95,0.801,Yes
1994,116,0.843,Yes
1995,28,0.845,Yes
1996,46,0.865,Yes
1997,36,0.867,Yes
1998,692,0.828,Yes
1999,164,0.841,Yes
2000,193,0.848,Yes
2001,145,0.841,Yes
2002,151,0.845,Yes
2003,91,0.846,Yes
2004,129,0.85,Yes
2005,138,0.879,Yes
2006,222,0.822,Yes
2007,98,0.836,Yes
2008,127,0.873,Yes
2009,77,0.844,Yes
2010,171,0.84,Yes
2011,212,0.859,Yes
2012,88,0.793,Yes
2013,139,0.921,Yes
2014,125,0.833,Yes
2015,78,0.825,Yes
2016,50,0.875,Yes
2017,63,0.81,Yes
2018,79,0.88,Yes
2019,37,0.854,Yes
2020,181,0.801,Yes
2021,47,0.852,Yes
2022,56,0.843,Yes
2023,38,0.811,Yes
2024,237,0.837,Yes
2025,273,0.846,Yes
2026,116,0.839,Yes
2027,35,0.832,Yes
2028,129,0.888,Yes
2029,261,0.847,Yes
2030,71,0.852,Yes
2031,62,0.887,Yes
2032,72,0.869,Yes
2033,73,0.895,Yes
2034,145,0.818,Yes
2035,413,0.87,Yes
2036,322,0.814,Yes
2037,214,0.811,Yes
2038,192,0.839,Yes
2039,628,0.866,Yes
2040,256,0.88,Yes
2041,119,0.827,Yes
2042,73,0.866,Yes
2043,340,0.849,Yes
2044,241,0.859,Yes
2045,54,0.853,Yes
2046,27,0.884,Yes
2047,66,0.842,Yes
2048,107,0.873,Yes
2049,157,0.812,Yes
2050,300,0.885,Yes
2051,161,0.821,Yes
2052,120,0.874,Yes
2053,86,0.867,Yes
2054,82,0.824,Yes
2055,29,0.806,Yes
2056,267,0.857,Yes
2057,87,0.875,Yes
2058,77,0.843,Yes
2059,40,0.836,Yes
2060,95,0.85,Yes
2061,337,0.83,Yes
2062,376,0.826,Yes
2063,46,0.845,Yes
2064,399,0.818,Yes
2065,72,0.865,Yes
2066,42,0.852,Yes
2067,48,0.841,Yes
2068,89,0.903,Yes
2069,380,0.813,Yes
2070,141,0.823,Yes
2071,148,0.893,Yes
2072,191,0.885,Yes
2073,46,0.847,Yes
2074,165,0.829,Yes
2075,171,0.824,Yes
2076,56,0.861,Yes
2077,179,0.865,Yes
2078,74,0.833,Yes
2079,36,0.87,Yes
2080,37,0.872,Yes
2081,34,0.841,Yes
2082,34,0.795,Yes
2083,38,0.855,Yes
2084,39,0.859,Yes
2085,156,0.915,Yes
2086,84,0.857,Yes
2087,117,0.875,Yes
2088,94,0.851,Yes
2089,71,0.823,Yes
2090,183,0.881,Yes
2091,85,0.865,Yes
2092,183,0.882,Yes
2093,70,0.855,Yes
2094,54,0.866,Yes
2095,160,0.834,Yes
2096,125,0.832,Yes
2097,151,0.883,Yes
2098,422,0.858,Yes
2099,221,0.884,Yes
2100,50,0.905,Yes
2101,42,0.86,Yes
2102,624,0.832,Yes
2103,377,0.827,Yes
2104,383,0.83,Yes
2105,72,0.844,Yes
2106,92,0.847,Yes
2107,282,0.839,Yes
2108,371,0.833,Yes
2109,47,0.86,Yes
2110,108,0.883,Yes
2111,111,0.85,Yes
2112,319,0.825,Yes
2113,129,0.856,Yes
2114,49,0.858,Yes
2115,358,0.856,Yes
2116,277,0.82,Yes
2117,49,0.839,Yes
2118,89,0.858,Yes
2119,41,0.833,Yes
2120,66,0.882,Yes
2121,63,0.851,Yes
2122,24,0.835,Yes
2123,50,0.85,Yes
2124,72,0.857,Yes
2125,47,0.836,Yes
2126,47,0.867,Yes
2127,183,0.806,Yes
2128,49,0.809,Yes
2129,50,0.827,Yes
2130,98,0.827,Yes
2131,143,0.838,Yes
2132,43,0.839,Yes
2133,42,0.853,Yes
2134,56,0.814,Yes
2135,44,0.858,Yes
2136,26,0.837,Yes
2137,41,0.835,Yes
2138,104,0.847,Yes
2139,54,0.846,Yes
2140,254,0.817,Yes
2141,16883,0.869,Yes
2142,74,0.835,Yes
2143,153,0.859,Yes
2144,68,0.827,Yes
2145,100,0.859,Yes
2146,550,0.85,Yes
2147,437,0.835,Yes
2148,1038,0.886,Yes
2149,104,0.884,Yes
2150,332,0.879,Yes
2151,123,0.842,Yes
2152,106,0.867,Yes
2153,106,0.785,Yes
2154,94,0.852,Yes
2155,101,0.855,Yes
2156,38,0.819,Yes
2157,628,0.844,Yes
2158,32,0.879,Yes
2159,111,0.848,Yes
2160,35,0.881,Yes
2161,90,0.849,Yes
2162,27,0.873,Yes
2163,28,0.85,Yes
2164,92,0.852,Yes
2165,956,0.86,Yes
2166,67,0.851,Yes
2167,29,0.798,Yes
2168,105,0.868,Yes
2169,72,0.84,Yes
2170,37,0.83,Yes
2171,47,0.844,Yes
2172,31,0.86,Yes
2173,90,0.805,Yes
2174,223,0.87,Yes
2175,214,0.835,Yes
2176,107,0.862,Yes
2177,37,0.827,Yes
2178,27,0.837,Yes
2179,48,0.849,Yes
2180,167,0.857,Yes
2181,213,0.818,Yes
2182,867,0.847,Yes
2183,159,0.88,Yes
2184,100,0.844,Yes
2185,96,0.827,Yes
2186,842,0.856,Yes
2187,525,0.868,Yes
2188,83,0.855,Yes
2189,63,0.86,Yes
2190,76,0.882,Yes
2191,202,0.838,Yes
2192,155,0.838,Yes
2193,1263,0.836,Yes
2194,74,0.809,Yes
2195,101,0.865,Yes
2196,27,0.838,Yes
2197,22,0.823,Yes
2198,491,0.877,Yes
2199,62,0.831,Yes
2200,59,0.857,Yes
2201,99,0.822,Yes
2202,27,0.829,Yes
2203,77,0.857,Yes
2204,846,0.802,Yes
2205,64,0.881,Yes
2206,45,0.828,Yes
2207,63,0.857,Yes
2208,54,0.807,Yes
2209,64,0.845,Yes
2210,132,0.871,Yes
2211,177,0.865,Yes
2212,70,0.883,Yes
2213,36,0.851,Yes
2214,58,0.877,Yes
2215,62,0.851,Yes
2216,132,0.828,Yes
2217,74,0.859,Yes
2218,86,0.861,Yes
2219,74,0.828,Yes
2220,48,0.863,Yes
2221,74,0.796,Yes
2222,86,0.867,Yes
2223,355,0.858,Yes
2224,53,0.854,Yes
2225,804,0.829,Yes
2226,75,0.829,Yes
2227,125,0.835,Yes
2228,200,0.847,Yes
2229,134,0.847,Yes
2230,57,0.858,Yes
2231,123,0.91,Yes
2232,266,0.839,Yes
2233,162,0.834,Yes
2234,130,0.867,Yes
2235,108,0.861,Yes
2236,354,0.866,Yes
2237,151,0.804,Yes
2238,88,0.844,Yes
2239,28,0.862,Yes
2240,58,0.885,Yes
2241,308,0.879,Yes
2242,343,0.81,Yes
2243,104,0.85,Yes
2244,35,0.857,Yes
2245,98,0.866,Yes
2246,117,0.884,Yes
2247,58,0.852,Yes
2248,51,0.847,Yes
2249,57,0.843,Yes
2250,707,0.885,Yes
2251,205,0.792,Yes
2252,438,0.808,Yes
2253,196,0.856,Yes
2254,287,0.838,Yes
2255,35,0.826,Yes
2256,103,0.855,Yes
2257,1207,0.827,Yes
2258,139,0.888,Yes
2259,90,0.864,Yes
2260,298,0.801,Yes
2261,243,0.824,Yes
2262,415,0.849,Yes
2263,116,0.906,Yes
2264,178,0.865,Yes
2265,778,0.853,Yes
2266,36,0.819,Yes
2267,36,0.85,Yes
2268,36,0.856,Yes
2269,303,0.828,Yes
2270,79,0.819,Yes
2271,84,0.826,Yes
2272,365,0.846,Yes
2273,306,0.852,Yes
2274,263,0.836,Yes
2275,41,0.867,Yes
2276,170,0.869,Yes
2277,258,0.817,Yes
2278,288,0.879,Yes
2279,137,0.877,Yes
2280,48,0.91,Yes
2281,801,0.807,Yes
2282,86,0.848,Yes
2283,359,0.831,Yes
2284,276,0.863,Yes
2285,53,0.835,Yes
2286,308,0.859,Yes
2287,54,0.839,Yes
2288,308,0.863,Yes
2289,55,0.872,Yes
2290,214,0.867,Yes
2291,252,0.853,Yes
2292,64,0.827,Yes
2293,210,0.879,Yes
2294,62,0.84,Yes
2295,60,0.879,Yes
2296,357,0.831,Yes
2297,194,0.84,Yes
2298,376,0.829,Yes
2299,47,0.869,Yes
2300,94,0.854,Yes
2301,356,0.128,No
2302,102,0.844,Yes
2303,51,0.828,Yes
